<?xml version="1.0" encoding="UTF-8"?>
<configuration>
    <property>
        <name>process-id</name>
        <value>EXPORT_VAS</value>
        <description>Processo para geração de arquivo de exportação VAS</description>
    </property>

    <property>
        <name>hive-name-querys</name>
        <value>query</value>
    </property>

    <property>
        <name>query</name>
        <value><![CDATA[
insert overwrite directory '${working-path}' row format delimited fields terminated by ';'
null defined as ''
stored as textfile
SELECT
cast(from_unixtime(unix_timestamp(initial_start_time_timestamp, 'yyyy-MM-dd HH:mm:ss'), 'dd/MM/yyyy') as string) as dat_chamada,
cast(from_unixtime(unix_timestamp(entry_date_timestamp, 'yyyy-MM-dd HH:mm:ss'), 'dd/MM/yyyy') as string) as dat_tarifacao,
cast(from_unixtime(unix_timestamp(currentdate, 'yyyy-MM-dd HH:mm:ss'), 'dd/MM/yyyy') as string) as dat_carga,
operadora_a_origem,
uf_telefone_pagador,
dsc_fornecedor,
tipo_destino_chamada,
dsc_seg_cli_marketing,
tipo_origem_chamada,
'NA', -- CENTRAL
dsc_peak_off_peak,
descricao_plano_tarifario,
pacote,
ciclo_faturamento,
flag_roaming,
tipo_trafego,
tipo_servico,
'NA', --PROMOCAO,
(CASE WHEN UPPER(tipo_servico) = 'DADOS' THEN 'BYTES' ELSE 'EVENTOS' END) as unidade, --UNIDADE
direcao_trafego,
cast(SUM(NVL(rated_volume, 0))as int) as Volume,
cast(SUM(NVL(RATED_FLAT_AMOUNT, 0))/COUNT(1) as int) AS valor_medio,
cast(SUM(NVL(rated_flat_amount, 0))as int) as valor_total,
flg_portabilidade,
'', --RATING CONVERGENTE
cast(SUM(CASE WHEN free_rounded_volume_umcode = 1 THEN free_rounded_volume_volume ELSE 0 END)as int),
cast(SUM(NVL(free_charge_amount,0)) as int),
cast(SUM(CASE WHEN free_rounded_volume_umcode = 2 THEN free_rounded_volume_volume ELSE 0 END)as int),
descricao_plano_tarifario,
tipo_cliente,
ind_cliente_migrado,
ind_cliente_ativo_conecta
FROM
fact.dw_f_traftar_pos_pago_bscs9_enriq
where dat_ref = '${PARAM_DATA_REF_PARTICAO-yyyyMMdd}'
and UPPER(tipo_servico) in ('WHATSAPP', 'SMS', 'PROVIDER', 'MMS', 'DADOS')
group by
cast(from_unixtime(unix_timestamp(initial_start_time_timestamp, 'yyyy-MM-dd HH:mm:ss'), 'dd/MM/yyyy') as string),
cast(from_unixtime(unix_timestamp(entry_date_timestamp, 'yyyy-MM-dd HH:mm:ss'), 'dd/MM/yyyy') as string),
cast(from_unixtime(unix_timestamp(currentdate, 'yyyy-MM-dd HH:mm:ss'), 'dd/MM/yyyy') as string),
operadora_a_origem,
uf_telefone_pagador,
dsc_fornecedor,
tipo_destino_chamada,
dsc_seg_cli_marketing,
tipo_origem_chamada,
dsc_peak_off_peak,
descricao_plano_tarifario,
pacote,
ciclo_faturamento,
flag_roaming,
tipo_trafego,
tipo_servico,
(CASE WHEN UPPER(tipo_servico) = 'DADOS' THEN 'BYTES' ELSE 'EVENTOS' END),
direcao_trafego,
flg_portabilidade,
descricao_plano_tarifario,
tipo_cliente,
ind_cliente_migrado,
ind_cliente_ativo_conecta
]]></value>
    </property>

    <property>
        <name>base-path</name>
        <value>${environment}/work/traftar/pos_pago_bscs9/exportacao/vas</value>
    </property>

    <property>
        <name>working-path</name>
        <value>${base-path}/working/</value>
    </property>

    <property>
        <name>hiveingestion.tez.queue.name</name>
        <value>model_low</value>
    </property>

    <property>
        <name>hiveingestion.hive.enforce.bucketing</name>
        <value>true</value>
    </property>

    <property>
        <name>hiveingestion.hive.exec.compress.output</name>
        <value>false</value>
    </property>

    <property>
        <name>context-class</name>
        <value>br.com.tim.hive.ExportContext</value>
    </property>

    <!-- Step export file  -->
    <property>
        <name>extract-input-path</name>
        <value>${working-path}</value>
    </property>

    <property>
        <name>extract-staging-path</name>
        <value>${base-path}/staging</value>
    </property>

    <property>
        <name>extract-output-path</name>
        <value>${base-path}/output</value>
    </property>

    <property>
        <name>extract-filename-path</name>
        <value>RA_rating_vas_pos_TIM_${PARAM_DATA_REF_PARTICAO-ddMMyy}_${PARAM_DATA_REF_PARTICAO-ddMMyy}.txt</value>
    </property>

    <property>
        <name>output-handler-class</name>
        <value>br.com.tim.hive.OutputHandlerExtractSmallFiles</value>
        <description>Poderá ser criado um output Handler customizado</description>
    </property>

    <property>
        <name>extract-flag-gzip</name>
        <value>false</value>
        <description></description>
    </property>

    <property>
        <name>extract-add-header</name>
        <value>true</value>
        <description></description>
    </property>

    <property>
        <name>extract-content-header</name>
        <value>DATA CHAMADA;DATA TARIFACAO;DATA CARGA;HOLDING TIM;UF;FORNECEDOR;TIPO TELEFONE;PRE POS;TECNOLOGIA;CENTRAL;CLASSIFICACAO CLIENTE;PLANO TARIFARIO;PACOTE;CICLO;RESIDENTE ROAMER;GRUPO SERVICO;SERVICO;PROMOCAO;UNIDADE;DIRECAO;VOLUME;VALOR MEDIO;VALOR TOTAL;FLAG PORTABILIDADE;RATING CONVERGENTE;FREE UNITS MINUTOS;FREE UNITS VALOR;FREE UNITS KBYTES;NIVEL PLANO;TIPO FAMILIA;IND CLIENTE MIG;IND CLIENTE ATIVO CONECTA</value>
        <description></description>
    </property>

</configuration>