<?xml version="1.0" encoding="UTF-8"?>
<configuration>
    <property>
        <name>process-id</name>
        <value>EXPORT_VOZ</value>
        <description>Processo para geração de arquivo de exportação VOZ</description>
    </property>

    <property>
        <name>hive-name-querys</name>
        <value>query</value>
    </property>

    <property>
        <name>query</name>
        <value><![CDATA[
          insert overwrite directory '${working-path}' row format delimited fields terminated by ';'
          null defined as ''
          stored as textfile
SELECT
cast(from_unixtime(unix_timestamp(initial_start_time_timestamp, 'yyyy-MM-dd HH:mm:ss'), 'dd/MM/yyyy') as string) as dat_chamada,
cast(from_unixtime(unix_timestamp(start_time_timestamp, 'yyyy-MM-dd HH:mm:ss'), 'dd/MM/yyyy') as string) as dat_chamada_ods,
cast(from_unixtime(unix_timestamp(entry_date_timestamp, 'yyyy-MM-dd HH:mm:ss'), 'dd/MM/yyyy') as string) as dat_tarifacao,
cast(from_unixtime(unix_timestamp(load_date_timestamp, 'yyyy-MM-dd HH:mm:ss'), 'dd/MM/yyyy') as string) as dat_load,
operadora_a_origem,
uf_origem_chamada,
operadora_a_origem,
ddd_origem_chamada,
tipo_destino_chamada,
csp,
segmento_cliente,
tipo_origem_chamada,
dsc_peak_off_peak,
descricao_plano_tarifario,
pacote,
cust_info_bill_cycle,
flag_roaming,
direcao_trafego,
csp,
tipo_trafego,
tipo_rede_chamada,
tipo_cliente,
'', -- MOTIVO
tipo_origem_chamada,
count(1) as qtd_chamadas, --QTD CHAMADAS
cast(SUM(nvl(duration_volume,0))as int) as minutos,
cast(SUM(nvl(RATED_FLAT_AMOUNT,0)) /count(1) as int) as tarifa_media,
cast(SUM(nvl(RATED_FLAT_AMOUNT,0))as int) valor_total,
flg_portabilidade,
cast(SUM(CASE WHEN nvl(UMTS_QOS_NEGOT_TRAFFIC_CLASS,0) > 60 THEN (UMTS_QOS_NEGOT_TRAFFIC_CLASS - NVL(rounded_volume, 0)) / 60
WHEN nvl(UMTS_QOS_NEGOT_TRAFFIC_CLASS,0) = 60 THEN (nvl(rounded_volume, 0) - UMTS_QOS_NEGOT_TRAFFIC_CLASS) / 60
ELSE 0 END )as int) as MINUTOS_INFINITY_EXCEDENTE,
'', --RATING CONVERGENTE
cast(SUM(nvl(free_rounded_volume_volume,0))as int),
cast(SUM(nvl(free_charge_amount,0))as int),
descricao_plano_tarifario,
tipo_cliente,
CASE WHEN tipo_trafego = 'VOLTE' THEN 'S' ELSE 'N' END, --FLAG VOLTE
ind_cliente_migrado,
ind_cliente_ativo_conecta
FROM
fact.dw_f_traftar_pos_pago_bscs9_enriq
where dat_ref = '${PARAM_DATA_REF_PARTICAO-yyyyMMdd}'
and tipo_servico in ('VOZ', 'VOLTE')
GROUP BY
cast(from_unixtime(unix_timestamp(initial_start_time_timestamp, 'yyyy-MM-dd HH:mm:ss'), 'dd/MM/yyyy') as string),
cast(from_unixtime(unix_timestamp(start_time_timestamp, 'yyyy-MM-dd HH:mm:ss'), 'dd/MM/yyyy') as string),
cast(from_unixtime(unix_timestamp(entry_date_timestamp, 'yyyy-MM-dd HH:mm:ss'), 'dd/MM/yyyy') as string),
cast(from_unixtime(unix_timestamp(load_date_timestamp, 'yyyy-MM-dd HH:mm:ss'), 'dd/MM/yyyy') as string),
operadora_a_origem,
uf_origem_chamada,
operadora_a_origem,
ddd_origem_chamada,
tipo_destino_chamada,
csp,
segmento_cliente,
tipo_origem_chamada,
dsc_peak_off_peak,
descricao_plano_tarifario,
pacote,
cust_info_bill_cycle,
flag_roaming,
direcao_trafego,
tipo_trafego,
tipo_rede_chamada,
tipo_cliente,
tipo_origem_chamada,
flg_portabilidade,
descricao_plano_tarifario,
tipo_cliente,
CASE WHEN tipo_trafego = 'VOLTE' THEN 'S' ELSE 'N' END,
ind_cliente_migrado,
ind_cliente_ativo_conecta
]]></value>
    </property>

    <property>
        <name>base-path</name>
        <value>${environment}/work/traftar/pos_pago_bscs9/exportacao/voz</value>
    </property>

    <property>
        <name>working-path</name>
        <value>${base-path}/working/</value>
    </property>

    <property>
        <name>hiveingestion.tez.queue.name</name>
        <value>model_low</value>
    </property>

    <property>
        <name>hiveingestion.hive.enforce.bucketing</name>
        <value>true</value>
    </property>

    <property>
        <name>hiveingestion.hive.exec.compress.output</name>
        <value>false</value>
    </property>

    <property>
        <name>context-class</name>
        <value>br.com.tim.hive.ExportContext</value>
    </property>

    <!-- Step export file  -->
    <property>
        <name>extract-input-path</name>
        <value>${working-path}</value>
    </property>

    <property>
        <name>extract-staging-path</name>
        <value>${base-path}/staging</value>
    </property>

    <property>
        <name>extract-output-path</name>
        <value>${base-path}/output</value>
    </property>

    <property>
        <name>extract-filename-path</name>
        <value>RA_rating_pos_${PARAM_DATA_REF_PARTICAO-yyyyMMdd}_${PARAM_DATA_REF_PARTICAO-yyyyMMdd}.txt</value>
    </property>

    <property>
        <name>output-handler-class</name>
        <value>br.com.tim.hive.OutputHandlerExtractSmallFiles</value>
        <description>Poderá ser criado um output Handler customizado</description>
    </property>

    <property>
        <name>extract-flag-gzip</name>
        <value>false</value>
        <description></description>
    </property>

    <property>
        <name>extract-add-header</name>
        <value>true</value>
        <description></description>
    </property>

    <property>
        <name>extract-content-header</name>
        <value>DATA DA CHAMADA;DATA DA CHAMADA ODS;DATA DA TARIFAÇÃO;DATA LOAD;HOLDING TIM;OPERADORA TIM (UF);OPERADORA VISITANTE;OPERADORA VISITADA;MÓVEL/FIXO;OPERADORA LD;PRÉ/PÓS;TECNOLOGIA;PEAK/OFF-PEAK;PLANO DE SERVIÇO;PACOTE DE MINUTOS;BC;ROAMING;DIREÇÃO;LOCAL/LD;TIPO TRÁFEGO;TIPO CHAMADA;TIPO CLIENTE;MOTIVO;ORIGEM;QTD CHAMADAS;MINUTOS;TARIFA MÉDIA;R$;FLAG PORTABILIDADE;MINUTOS INFINITY EXCEDENTE;RATING CONVERGENTE;FREE UNITS MINUTOS;FREE UNITS VALOR;NIVEL PLANO;TIPO FAMILIA;FLAG VOLTE;IND CLIENTE MIG;IND CLIENTE ATIVO CONECTA</value>
        <description></description>
    </property>

</configuration>