<?xml version="1.0" encoding="UTF-8"?>
<configuration>

    <property>
        <name>process-id</name>
        <value>EXPORT_VAS</value>
    </property>

    <property>
        <name>input-path</name>
        <value>${environment}/work/traftar/pos_pago_bscs9/exportacao/vas/output/</value>
    </property>

    <property>
        <name>output-path</name>
        <value>/datalake/reports/bscs/interface_vas/output/${output-fileName}</value>
    </property>

    <property>
        <name>output-fileName</name>
        <value>RA_rating_vas_pos_TIM_${PARAM_DATA_REF_PARTICAO-yyyyMMdd}_${PARAM_DATA_REF_PARTICAO-yyyyMMdd}.tar.gz</value>
    </property>

    <property>
        <name>delete-source</name>
        <value>true</value>
    </property>

    <property>
        <name>log-config</name>
        <value>
            log4j.rootLogger=DEBUG,STDOUT,FILE
            log4j.logger.org.apache.hadoop=INFO

            log4j.appender.FILE=org.apache.log4j.DailyRollingFileAppender
            log4j.appender.FILE.Threshold=DEBUG
            log4j.appender.FILE.File=../logs/${process-id}.log
            log4j.appender.FILE.DatePattern='.'yyyy-MM-dd
            log4j.appender.FILE.layout=org.apache.log4j.PatternLayout
            log4j.appender.FILE.layout.ConversionPattern=%d{dd MMM yyyy HH:mm:ss} %p %c - %m%n

            log4j.appender.STDOUT=org.apache.log4j.ConsoleAppender
            log4j.appender.STDOUT.Threshold=INFO
            log4j.appender.STDOUT.layout=org.apache.log4j.PatternLayout
            log4j.appender.STDOUT.layout.ConversionPattern=%d{dd MMM yyyy HH:mm:ss} %p - %m%n
        </value>
    </property>


</configuration>