<?xml version="1.0" encoding="UTF-8"?>
<configuration>

	<!-- Process -->
	<property>
		<name>mapreduce.job.name</name>
		<value>TRAFTAR_BSCS9_BDO_B_ENRICH_JOB</value>
	</property>

	<property>
		<name>mapreduce.job.queuename</name>
		<value>ing_med</value>
		<description>QUEUE OF CLUSTER</description>
	</property>

	<property>
		<name>mapreduce.job.reduces</name>
		<value>60</value>
		<description>NUMBER OF REDUCERS</description>
	</property>

	<property>
		<name>mapreduce.input.fileinputformat.split.maxsize</name>
		<value>536870912</value>
		<description></description>
	</property>
	
	<property>
		<name>mapreduce.output.fileoutputformat.compress</name>
		<value>true</value>
		<description>Define that the output will be GZiped</description>
	</property>
	<property>
		<name>mapreduce.output.fileoutputformat.compress.type</name>
		<value>BLOCK</value>
		<description>Define at which level the compression will be done
		</description>
	</property>
	<property>
		<name>mapreduce.output.fileoutputformat.compress.codec</name>
		<value>org.apache.hadoop.io.compress.GzipCodec</value>
		<description>Defines the codec for the compression</description>
	</property>

	<!-- Input paths -->
	
	<property>
		<name>traftar-pos-bscs9-directory-input</name>
		<value>${environment}/work/traftar/pos_pago_bscs9/dw_f_traftar_pos_pago_bscs9_enriq/input_bdo_b/</value>
		<description>Hive input path STEP 1</description>
	</property>
	
	<property>
		<name>bdo-fact-input</name>
		<value>/apps/hive/warehouse/aux.db/dw_f_bdo/</value>
		<description>BDO INPUT PATH</description>
	</property>

	<property>
		<name>eot-prestadora-dir</name>
		<value>${environment}/auxiliary/eot_prestadora/</value>
		<description>NAME OF DIR FILE JSON EOT PRESTADORA</description>
	</property>

	<property>
		<name>cadup-dir</name>
		<value>${environment}/auxiliary/cadup/</value>
		<description>NAME OF DIR FILE JSON CADUP</description>
	</property>

	<property>
		<name>auxiliary-centrais-volte-path</name>
		<value>${environment}/auxiliary/centrais_volte/</value>
		<description>dir de centrais volte</description>
	</property>
	
	<!-- Output Paths -->
	<property>
		<name>traftar-pos-bscs9-output</name>
		<value>${environment}/work/traftar/pos_pago_bscs9/dw_f_traftar_pos_pago_bscs9_enriq/output_bdo/</value>
		<description>WORK PATH STEP 1</description>
	</property>

	<property>
		<name>traftar-pos-bscs9-hive-input</name>
		<value>${environment}/work/traftar/pos_pago_bscs9/dw_f_traftar_pos_pago_bscs9_enriq/hive_input/</value>
		<description>HIVE INPUT PATH TRAFTAR</description>
	</property>

	<property>
		<name>traftar-pos-bscs9-gpdb-input</name>
		<value>${environment}/work/traftar/pos_pago_bscs9/dw_f_traftar_pos_pago_bscs9_enriq/gpdb_input/</value>
		<description>HIVE INPUT PATH TRAFTAR</description>
	</property>

	<!-- DISTCP Parameters -->

	<property>
		<name>traftar-pos-bscs9-gpdb-input-copy-distcp</name>
		<value>true</value>
		<description>TYPE OF COPY FILES TO GPDB INPUT</description>
	</property>

	<property>
		<name>distcp.mapreduce.map.java.opts</name>
		<value> -Xms1G -Xmx7G</value>
		<description>Memory setting for Mappers</description>
	</property>

	<property>
		<name>distcp.mapreduce.map.memory.mb</name>
		<value>8192</value>
		<description>Memory setting for Mappers</description>
	</property>

	<property>
		<name>distcp.mapreduce.job.queuename</name>
		<value>ing_med</value>
		<description>Fila de copias via Distcp</description>
	</property>
	
	<property>
		<name>distcp.mapreduce.job.maps</name>
		<value>150</value>
		<description></description>
	</property>
	
	<property>
		<name>distcp-copy-strategy</name>
		<value>dynamic</value>
		<description></description>
	</property>
	
	<property>
		<name>distcp-max-mappers</name>
		<value>150</value>
		<description></description>
	</property>
	
	<property>
		<name>distcp-bandwidth</name>
		<value>100</value>
		<description></description>
	</property>

</configuration>