<?xml version="1.0" encoding="UTF-8"?>
<configuration>

	<property>
		<name>process-id</name>
		<value>TRAFEGO_TARIFARIO_BSCS9</value>
		<description>Processo de Trafego Tarifario BCS9 - GPDB Load</description>
	</property>
	
	<property>
        <name>base-path</name>
        <value>${environment}/work/traftar/pos_pago_bscs9/dw_f_traftar_pos_pago_bscs9_enriq</value>
    </property>
    
    <property>
        <name>max-input-to-process</name>
        <value>10</value>
    </property>

    <property>
        <name>max-archive</name>
        <value>0</value>
    </property>

    <property>
        <name>max-failed</name>
        <value>10</value>
    </property>
	
    <property>
        <name>external-table</name>
        <value>ext.dw_f_traftar_pos_pago_bscs9_enriq</value>
    </property>	

    <property>
        <name>managed-table</name>
        <value>fact.dw_f_traftar_pos_pago_bscs9_enriq</value>
    </property>
    
    <property>
        <name>partition-type</name>
        <value>DAILY</value>
    </property>
    
    <property>
        <name>partition-query</name>
        <value>select distinct dat_ref_partition from ${external-table};</value>
    </property>
    
    <property>
        <name>insert</name>
        <value>insert into ${managed-table}
				select * from ${external-table};
		</value>
    </property>

</configuration>