<?xml version="1.0" encoding="UTF-8"?>
<configuration>

	<property>
		<name>process-id</name>
		<value>TRAFEGO_TARIFARIO_BSCS9</value>
		<description>Processo de Trafego Tarifario BCS9 - Hive Load</description>
	</property>
	
	<property>
        <name>base-path</name>
        <value>${environment}/work/traftar/pos_pago_bscs9/dw_f_traftar_pos_pago_bscs9_enriq</value>
    </property>
    
    <property>
        <name>max-input-to-process</name>
        <value>5</value>
    </property>

    <property>
        <name>max-archive</name>
        <value>30</value>
    </property>

    <property>
        <name>max-failed</name>
        <value>10</value>
    </property>

    <property>
        <name>insert</name>
        <value><![CDATA[
        		INSERT overwrite TABLE fact.dw_f_traftar_pos_pago_bscs9_enriq PARTITION(dat_ref)
			SELECT *,
				regexp_replace(regexp_extract(arquivo, '([0-9]{4}-[0-9]{2}-[0-9]{2})', 1),'-','')
			FROM ext.dw_f_traftar_pos_pago_bscs9_enriq
        ]]></value>
    </property>

    <property>
        <name>hiveingestion.tez.queue.name</name>
        <value>ing_low</value>
    </property>
    
    <property>
        <name>hiveingestion.hive.enforce.bucketing</name>
        <value>false</value>
    </property>
</configuration>