<?xml version="1.0" encoding="UTF-8"?>
<configuration>

        <!-- Process -->
        <property>
                <name>mapreduce.job.name</name>
                <value>TRAFTAR_BSCS9_BASE_CAND_ENRICH_JOB</value>
        </property>

        <property>
                <name>mapreduce.job.queuename</name>
                <value>ing_med</value>
                <description>QUEUE OF CLUSTER</description>
        </property>
        
        <property>
                <name>mapreduce.job.reduces</name>
                <value>40</value>
                <description>NUMBER OF REDUCERS</description>
        </property>
        
      <property>
		<name>mapreduce.input.fileinputformat.split.maxsize</name>
		<value>536870912</value>
		<description></description>
	</property>

	<property>
		<name>mapreduce.output.fileoutputformat.compress</name>
		<value>true</value>
		<description>Define that the output will be GZiped</description>
	</property>
	<property>
		<name>mapreduce.output.fileoutputformat.compress.type</name>
		<value>BLOCK</value>
		<description>Define at which level the compression will be done
		</description>
	</property>
	<property>
		<name>mapreduce.output.fileoutputformat.compress.codec</name>
		<value>org.apache.hadoop.io.compress.GzipCodec</value>
		<description>Defines the codec for the compression</description>
	</property>

        <!-- Input paths -->
        <property>
                <name>traftar-pos-bscs9-fact-input</name>
                <value>/apps/hive/warehouse/fact.db/dw_f_traftar_pos_pago_bscs9_enriq/</value>
                <description>Hive input path STEP</description>
        </property>

        <property>
            <name>cec-ciclo-faturamento-input</name>
            <value>/apps/hive/warehouse/aux.db/dw_d_icc_bscs_cec_ciclo_faturamento/</value>
            <description>CEC Ciclo Faturamento</description>
        </property>

        <property>
                <name>traftar-pos-bscs9-fact-partition</name>
                <value>dat_ref</value>
                <description>TRAFTAR POS BSCS9 FACT PARTITION</description>
        </property>

        <property>
                <name>traftar-pos-bscs9-directory-input</name>
                <value>${environment}/traftarpos_mr_enrich/bscs9/</value>
                <description>RESULT WORK PATH STEP 1</description>
        </property>

        <property>
                <name>base-candidata-fact-input</name>
                <value>/apps/hive/warehouse/fact.db/dw_f_base_candidata_pre_pos/</value>
                <description>BASE CANDIDATA PRE POS INPUT PATH</description>
        </property>

        <property>
                <name>base-candidata-fact-partition</name>
                <value>ref_date</value>
                <description>BASE CANDIDATA PRE POS FACT PARTITION</description>
        </property>

        <property>
        	<name>aplicacoes-vas-dir</name>
        	<value>/apps/hive/warehouse/fact.db/dw_f_revtrib_app_vas/</value>
        	<description>dir de aplicacoes vas</description>
    	</property>

    	<property>
                <name>plano-tarifario-dir</name>
                <value>${environment}/crm/plano_tarifario/</value>
                <description>dir de plano tarifario</description>
        </property>

        <property>
                <name>path-cn-estado</name>
                <value>${environment}/auxiliary/cn_estado/</value>
                <description>Path do arquivo auxiliar CN_Estado</description>
        </property>

        <property>
                <name>dw-d-pacote-dir</name>
                <value>${environment}/mkt/pacote/</value>
                <description>dir de pacotes</description>
        </property>

        <property>
                <name>auxiliary-centrais-volte-path</name>
                <value>${environment}/auxiliary/centrais_volte/</value>
                <description>dir de centrais volte</description>
        </property>

        <property>
            <name>tipo-cliente-dir</name>
            <value>${environment}/auxiliary/cac/er_tipo_cliente/</value>
            <description>dir de tipo de cliente</description>
        </property>

        <property>
            <name>incoming-path</name>
            <value>/datalake/traftarpos_bscs_ix/incoming/</value>
            <description>dir de tipo de cliente</description>
        </property>

        <property>
            <name>full-peak-off-peak-file-name-input</name>
            <value>${environment}/work/traftar/pos_pago_bscs9/dw_d_faixa_horaria_bscs9/hive_staging/</value>
            <description>nome do arquivo de peak/off peak</description>
        </property>

        <!-- Output Paths -->
        <property>
                <name>traftar-pos-bscs9-output</name>
                <value>${environment}/work/traftar/pos_pago_bscs9/dw_f_traftar_pos_pago_bscs9_enriq/input_bdo_a/</value>
                <description>WORK PATH STEP 1</description>
        </property>

</configuration>